<?xml version="1.0" encoding="UTF-8" standalone="yes"?>
<addon id="plugin.video.IUDTV" name="IUDTV" version="1.0" provider-name="MikkM">
  <requires>
    <import addon="xbmc.python" version="2.1.0"/>
	<import addon="script.module.addon.common"/>
  </requires>
  <extension point="xbmc.python.pluginsource" library="init.py">
        <provides>video executable</provides>
  </extension>
  <extension point="xbmc.addon.metadata">
    <summary lang="en">IUDTV</summary>
	<description lang="en_gb">www.leadcool.net</description>
    <platform>all</platform>
  </extension>
</addon>
